nbh_num,cat_1,cat_2,price_tier,likes,rating,CAD / ft²·month,Neighbourhood,Population 2016,Population density per square kilometre,Children (0-14 years),Youth (15-24 years),Working Age (25-54 years),Pre-retirement (55-64 years),Seniors (65+ years),Older Seniors (85+ years),After-tax income: Average amount ($)
1,Chinese Restaurant,Buffet,1,37,7.2,4.015792327504405,West Humber-Clairville,33312,1117,5060,5445,13845,3990,4980,615,28066
1,Burger Joint,None,1,5,7.1,4.015792327504405,West Humber-Clairville,33312,1117,5060,5445,13845,3990,4980,615,28066
1,Mediterranean Restaurant,Turkish Restaurant,2,6,6.2,4.015792327504405,West Humber-Clairville,33312,1117,5060,5445,13845,3990,4980,615,28066
1,Sandwich Place,Fast Food Restaurant,1,1,6.2,4.015792327504405,West Humber-Clairville,33312,1117,5060,5445,13845,3990,4980,615,28066
1,Restaurant,None,2,17,6.6,4.015792327504405,West Humber-Clairville,33312,1117,5060,5445,13845,3990,4980,615,28066
2,Sandwich Place,Fast Food Restaurant,1,3,6.7,2.9166666666666665,Mount Olive-Silverstone-Jamestown,32954,7291,7090,5240,13615,3475,3560,300,24122
2,Fried Chicken Joint,None,1,0,6.4,2.9166666666666665,Mount Olive-Silverstone-Jamestown,32954,7291,7090,5240,13615,3475,3560,300,24122
2,Pizza Place,Restaurant,1,0,6.3,2.9166666666666665,Mount Olive-Silverstone-Jamestown,32954,7291,7090,5240,13615,3475,3560,300,24122
2,Pizza Place,None,1,1,6.1,2.9166666666666665,Mount Olive-Silverstone-Jamestown,32954,7291,7090,5240,13615,3475,3560,300,24122
3,Caribbean Restaurant,None,2,21,8.3,1.3333333333333337,Thistletown-Beaumond Heights,10360,3130,1730,1410,4160,1195,1880,350,28842
3,Indian Restaurant,None,1,3,6.7,1.3333333333333337,Thistletown-Beaumond Heights,10360,3130,1730,1410,4160,1195,1880,350,28842
3,Indian Restaurant,None,1,7,6.6,1.3333333333333337,Thistletown-Beaumond Heights,10360,3130,1730,1410,4160,1195,1880,350,28842
3,Pizza Place,None,1,2,6.2,1.3333333333333337,Thistletown-Beaumond Heights,10360,3130,1730,1410,4160,1195,1880,350,28842
3,Indian Restaurant,None,2,4,6.2,1.3333333333333337,Thistletown-Beaumond Heights,10360,3130,1730,1410,4160,1195,1880,350,28842
17,Café,None,1,37,8.8,2.652805651440957,Mimico (includes Humber Bay Shores),33964,4915,3505,3010,17695,4620,5160,565,43971
17,Indian Restaurant,None,2,32,8.7,2.652805651440957,Mimico (includes Humber Bay Shores),33964,4915,3505,3010,17695,4620,5160,565,43971
17,Sushi Restaurant,None,2,15,8.2,2.652805651440957,Mimico (includes Humber Bay Shores),33964,4915,3505,3010,17695,4620,5160,565,43971
17,Italian Restaurant,None,2,10,8.1,2.652805651440957,Mimico (includes Humber Bay Shores),33964,4915,3505,3010,17695,4620,5160,565,43971
17,Thai Restaurant,None,2,10,7.5,2.652805651440957,Mimico (includes Humber Bay Shores),33964,4915,3505,3010,17695,4620,5160,565,43971
19,Greek Restaurant,None,2,15,7.7,0.38930639398792655,Long Branch,10084,4584,1335,1130,4705,1520,1405,140,39000
19,Seafood Restaurant,None,3,6,8.3,0.38930639398792655,Long Branch,10084,4584,1335,1130,4705,1520,1405,140,39000
19,Wings Joint,Bar,1,23,7.1,0.38930639398792655,Long Branch,10084,4584,1335,1130,4705,1520,1405,140,39000
19,Pizza Place,None,1,25,7.5,0.38930639398792655,Long Branch,10084,4584,1335,1130,4705,1520,1405,140,39000
19,Café,Vegetarian / Vegan Restaurant,1,18,7.2,0.38930639398792655,Long Branch,10084,4584,1335,1130,4705,1520,1405,140,39000
21,Asian Restaurant,None,2,10,7.7,1.95,Humber Summit,12416,1570,2155,1720,4855,1315,2380,260,27334
21,Latin American Restaurant,None,2,15,7.5,1.95,Humber Summit,12416,1570,2155,1720,4855,1315,2380,260,27334
23,Japanese Restaurant,None,2,20,7.8,5.416666666666668,Pelmo Park-Humberlea,10722,2547,1745,1370,4645,1390,1590,205,33581
23,Italian Restaurant,None,2,8,6.5,5.416666666666668,Pelmo Park-Humberlea,10722,2547,1745,1370,4645,1390,1590,205,33581
23,Sandwich Place,Fast Food Restaurant,1,2,6.4,5.416666666666668,Pelmo Park-Humberlea,10722,2547,1745,1370,4645,1390,1590,205,33581
23,Bakery,None,1,6,5.7,5.416666666666668,Pelmo Park-Humberlea,10722,2547,1745,1370,4645,1390,1590,205,33581
26,Vietnamese Restaurant,None,2,19,8.0,1.6839378238341969,Downsview-Roding-CFB,35052,2337,5725,4340,15045,4380,5535,870,29774
26,Falafel Restaurant,None,1,9,8.0,1.6839378238341969,Downsview-Roding-CFB,35052,2337,5725,4340,15045,4380,5535,870,29774
26,Steakhouse,Middle Eastern Restaurant,4,7,7.8,1.6839378238341969,Downsview-Roding-CFB,35052,2337,5725,4340,15045,4380,5535,870,29774
26,Burrito Place,None,1,11,7.5,1.6839378238341969,Downsview-Roding-CFB,35052,2337,5725,4340,15045,4380,5535,870,29774
26,New American Restaurant,None,3,10,7.3,1.6839378238341969,Downsview-Roding-CFB,35052,2337,5725,4340,15045,4380,5535,870,29774
27,Pizza Place,Italian Restaurant,1,26,7.7,2.7209259087106066,York University Heights,27593,2086,4045,4750,12290,2965,3530,400,26651
27,Caribbean Restaurant,Chinese Restaurant,2,4,7.3,2.7209259087106066,York University Heights,27593,2086,4045,4750,12290,2965,3530,400,26651
27,Middle Eastern Restaurant,Mediterranean Restaurant,1,27,7.9,2.7209259087106066,York University Heights,27593,2086,4045,4750,12290,2965,3530,400,26651
27,Restaurant,None,2,4,7.4,2.7209259087106066,York University Heights,27593,2086,4045,4750,12290,2965,3530,400,26651
27,Thai Restaurant,None,2,23,7.9,2.7209259087106066,York University Heights,27593,2086,4045,4750,12290,2965,3530,400,26651
29,Bakery,None,1,11,8.4,1.0416666666666667,Maple Leaf,10111,4012,1500,1265,4110,1205,2030,380,31957
31,Restaurant,None,2,15,7.6,2.2112567577575355,Yorkdale-Glen Park,14804,2451,1960,1870,5860,1810,3295,775,32904
31,Restaurant,None,2,15,7.6,2.2112567577575355,Yorkdale-Glen Park,14804,2451,1960,1870,5860,1810,3295,775,32904
31,Fried Chicken Joint,Fast Food Restaurant,1,8,7.9,2.2112567577575355,Yorkdale-Glen Park,14804,2451,1960,1870,5860,1810,3295,775,32904
31,Greek Restaurant,None,3,8,7.7,2.2112567577575355,Yorkdale-Glen Park,14804,2451,1960,1870,5860,1810,3295,775,32904
31,Sushi Restaurant,None,2,22,7.9,2.2112567577575355,Yorkdale-Glen Park,14804,2451,1960,1870,5860,1810,3295,775,32904
32,Breakfast Spot,Diner,2,49,8.4,2.5560814008518693,Englemount-Lawrence,22372,6466,4805,3030,8385,2430,3725,955,39911
33,Deli / Bodega,None,1,18,8.1,2.6162790697674416,Clanton Park,16472,3979,2765,1910,7470,1935,2375,400,41837
33,Bagel Shop,None,1,28,7.2,2.6162790697674416,Clanton Park,16472,3979,2765,1910,7470,1935,2375,400,41837
33,Pizza Place,None,1,1,6.1,2.6162790697674416,Clanton Park,16472,3979,2765,1910,7470,1935,2375,400,41837
42,Cantonese Restaurant,None,2,93,8.1,2.830188679245283,Banbury-Don Mills,27695,2775,3605,2730,10810,3555,6975,1640,51874
42,Café,Coffee Shop,1,73,8.5,2.830188679245283,Banbury-Don Mills,27695,2775,3605,2730,10810,3555,6975,1640,51874
42,Mexican Restaurant,None,2,52,8.4,2.830188679245283,Banbury-Don Mills,27695,2775,3605,2730,10810,3555,6975,1640,51874
42,New American Restaurant,Restaurant,3,199,8.2,2.830188679245283,Banbury-Don Mills,27695,2775,3605,2730,10810,3555,6975,1640,51874
42,Middle Eastern Restaurant,Halal Restaurant,2,16,7.9,2.830188679245283,Banbury-Don Mills,27695,2775,3605,2730,10810,3555,6975,1640,51874
43,Middle Eastern Restaurant,None,1,21,7.7,1.5649323621227889,Victoria Village,17510,3710,2630,2030,7170,2270,3405,570,30769
43,Portuguese Restaurant,None,2,6,6.5,1.5649323621227889,Victoria Village,17510,3710,2630,2030,7170,2270,3405,570,30769
48,Bakery,None,1,8,7.8,1.5,Hillcrest Village,16934,3148,2115,2170,6060,2265,4305,630,34203
48,Cantonese Restaurant,None,2,116,7.6,1.5,Hillcrest Village,16934,3148,2115,2170,6060,2265,4305,630,34203
48,Sandwich Place,Fast Food Restaurant,1,2,6.5,1.5,Hillcrest Village,16934,3148,2115,2170,6060,2265,4305,630,34203
48,Sandwich Place,Fast Food Restaurant,1,4,6.0,1.5,Hillcrest Village,16934,3148,2115,2170,6060,2265,4305,630,34203
50,Korean Restaurant,Asian Restaurant,2,18,8.4,23.55029585798816,Newtonbrook East,16097,3926,1585,2185,6860,2155,3320,670,36139
50,Café,None,1,34,7.5,23.55029585798816,Newtonbrook East,16097,3926,1585,2185,6860,2155,3320,670,36139
50,Middle Eastern Restaurant,None,2,5,7.0,23.55029585798816,Newtonbrook East,16097,3926,1585,2185,6860,2155,3320,670,36139
50,Japanese Restaurant,None,2,16,6.9,23.55029585798816,Newtonbrook East,16097,3926,1585,2185,6860,2155,3320,670,36139
50,Sandwich Place,Fast Food Restaurant,1,3,6.4,23.55029585798816,Newtonbrook East,16097,3926,1585,2185,6860,2155,3320,670,36139
51,Ramen Restaurant,None,0,39,8.2,3.489727626459144,Willowdale East,50434,10087,5920,6940,25850,5460,6270,830,36740
51,Café,None,1,21,7.6,3.489727626459144,Willowdale East,50434,10087,5920,6940,25850,5460,6270,830,36740
51,Diner,Burger Joint,1,9,6.8,3.489727626459144,Willowdale East,50434,10087,5920,6940,25850,5460,6270,830,36740
51,Japanese Restaurant,Sake Bar,2,12,7.0,3.489727626459144,Willowdale East,50434,10087,5920,6940,25850,5460,6270,830,36740
51,Italian Restaurant,None,2,17,6.7,3.489727626459144,Willowdale East,50434,10087,5920,6940,25850,5460,6270,830,36740
52,Breakfast Spot,None,1,17,7.7,4.583333333333334,Bayview Village,21396,4195,2415,2505,10310,2540,3615,610,41440
52,Persian Restaurant,None,0,11,7.5,4.583333333333334,Bayview Village,21396,4195,2415,2505,10310,2540,3615,610,41440
52,Middle Eastern Restaurant,None,2,59,7.8,4.583333333333334,Bayview Village,21396,4195,2415,2505,10310,2540,3615,610,41440
52,Deli / Bodega,None,1,7,7.1,4.583333333333334,Bayview Village,21396,4195,2415,2505,10310,2540,3615,610,41440
52,Fast Food Restaurant,None,1,41,6.8,4.583333333333334,Bayview Village,21396,4195,2415,2505,10310,2540,3615,610,41440
53,Japanese Restaurant,Sushi Restaurant,2,4,6.9,3.9414079667585606,Henry Farm,15723,6047,2505,2330,8045,1390,1460,135,30931
53,Sandwich Place,Fast Food Restaurant,1,1,6.5,3.9414079667585606,Henry Farm,15723,6047,2505,2330,8045,1390,1460,135,30931
53,Indian Restaurant,None,2,3,5.2,3.9414079667585606,Henry Farm,15723,6047,2505,2330,8045,1390,1460,135,30931
54,Gastropub,None,2,30,7.8,1.9108280254777068,O'Connor-Parkview,18675,3780,3110,2385,7855,2650,2690,430,36221
54,Bakery,None,1,32,7.9,1.9108280254777068,O'Connor-Parkview,18675,3780,3110,2385,7855,2650,2690,430,36221
54,Pizza Place,None,1,0,6.0,1.9108280254777068,O'Connor-Parkview,18675,3780,3110,2385,7855,2650,2690,430,36221
54,Fast Food Restaurant,American Restaurant,1,8,6.3,1.9108280254777068,O'Connor-Parkview,18675,3780,3110,2385,7855,2650,2690,430,36221
56,Fish & Chips Shop,None,2,96,8.9,3.630952380952381,Leaside-Bennington,16828,3596,3285,2175,6455,2340,2550,400,85496
56,Sandwich Place,None,1,4,7.5,3.630952380952381,Leaside-Bennington,16828,3596,3285,2175,6455,2340,2550,400,85496
56,Indian Restaurant,None,2,18,8.0,3.630952380952381,Leaside-Bennington,16828,3596,3285,2175,6455,2340,2550,400,85496
56,Café,None,1,18,7.8,3.630952380952381,Leaside-Bennington,16828,3596,3285,2175,6455,2340,2550,400,85496
56,Bagel Shop,Bakery,1,17,7.7,3.630952380952381,Leaside-Bennington,16828,3596,3285,2175,6455,2340,2550,400,85496
62,BBQ Joint,None,2,7,7.8,2.8531727008080265,East End-Danforth,21381,8038,3735,2210,9990,2805,2650,310,43567
62,Caribbean Restaurant,None,1,17,7.3,2.8531727008080265,East End-Danforth,21381,8038,3735,2210,9990,2805,2650,310,43567
62,Fish & Chips Shop,None,1,18,7.7,2.8531727008080265,East End-Danforth,21381,8038,3735,2210,9990,2805,2650,310,43567
62,Middle Eastern Restaurant,Falafel Restaurant,2,3,6.6,2.8531727008080265,East End-Danforth,21381,8038,3735,2210,9990,2805,2650,310,43567
62,Sandwich Place,Fast Food Restaurant,1,3,6.5,2.8531727008080265,East End-Danforth,21381,8038,3735,2210,9990,2805,2650,310,43567
63,BBQ Joint,None,3,77,8.2,3.1563551756284856,The Beaches,21567,6058,3825,2075,9590,3140,2955,265,67490
63,Mediterranean Restaurant,None,2,7,7.8,3.1563551756284856,The Beaches,21567,6058,3825,2075,9590,3140,2955,265,67490
63,Breakfast Spot,None,1,9,7.4,3.1563551756284856,The Beaches,21567,6058,3825,2075,9590,3140,2955,265,67490
63,Diner,Breakfast Spot,1,14,7.4,3.1563551756284856,The Beaches,21567,6058,3825,2075,9590,3140,2955,265,67490
63,Middle Eastern Restaurant,None,2,10,8.4,3.1563551756284856,The Beaches,21567,6058,3825,2075,9590,3140,2955,265,67490
64,Café,None,1,20,8.9,2.915652173913044,Woodbine Corridor,12541,7838,2325,1035,6165,1625,1380,170,44594
65,Indian Restaurant,Vegetarian / Vegan Restaurant,1,79,8.6,2.5661163812574435,Greenwood-Coxwell,14417,8582,2460,1305,7240,1765,1640,200,38307
65,Asian Restaurant,Gastropub,2,34,8.9,2.5661163812574435,Greenwood-Coxwell,14417,8582,2460,1305,7240,1765,1640,200,38307
65,Pakistani Restaurant,None,2,176,7.9,2.5661163812574435,Greenwood-Coxwell,14417,8582,2460,1305,7240,1765,1640,200,38307
65,Indian Restaurant,None,2,24,7.9,2.5661163812574435,Greenwood-Coxwell,14417,8582,2460,1305,7240,1765,1640,200,38307
65,Egyptian Restaurant,African Restaurant,0,131,8.7,2.5661163812574435,Greenwood-Coxwell,14417,8582,2460,1305,7240,1765,1640,200,38307
66,Café,None,2,64,8.9,2.611293321356201,Danforth,9666,8554,1675,920,4370,1195,1515,195,43924
66,American Restaurant,Bar,2,133,8.7,2.611293321356201,Danforth,9666,8554,1675,920,4370,1195,1515,195,43924
66,Middle Eastern Restaurant,None,2,24,7.9,2.611293321356201,Danforth,9666,8554,1675,920,4370,1195,1515,195,43924
66,Gastropub,None,2,50,7.9,2.611293321356201,Danforth,9666,8554,1675,920,4370,1195,1515,195,43924
66,American Restaurant,None,2,10,7.6,2.611293321356201,Danforth,9666,8554,1675,920,4370,1195,1515,195,43924
67,Italian Restaurant,None,2,31,8.5,4.0,Playter Estates-Danforth,7804,8671,1150,735,3725,970,1220,195,54115
67,Restaurant,None,2,4,7.9,4.0,Playter Estates-Danforth,7804,8671,1150,735,3725,970,1220,195,54115
67,Café,None,2,55,7.9,4.0,Playter Estates-Danforth,7804,8671,1150,735,3725,970,1220,195,54115
67,Restaurant,None,2,11,6.9,4.0,Playter Estates-Danforth,7804,8671,1150,735,3725,970,1220,195,54115
67,Indian Restaurant,None,2,10,6.9,4.0,Playter Estates-Danforth,7804,8671,1150,735,3725,970,1220,195,54115
68,Café,Coffee Shop,1,167,9.0,3.363636363636364,North Riverdale,11916,6770,1960,1170,5490,1645,1660,140,56122
68,Café,Coffee Shop,1,44,8.7,3.363636363636364,North Riverdale,11916,6770,1960,1170,5490,1645,1660,140,56122
68,Greek Restaurant,None,2,78,8.7,3.363636363636364,North Riverdale,11916,6770,1960,1170,5490,1645,1660,140,56122
68,Italian Restaurant,None,2,31,8.5,3.363636363636364,North Riverdale,11916,6770,1960,1170,5490,1645,1660,140,56122
68,Restaurant,None,2,4,7.9,3.363636363636364,North Riverdale,11916,6770,1960,1170,5490,1645,1660,140,56122
70,Café,Pub,1,90,9.0,2.648753259452412,South Riverdale,27876,3136,3975,2445,15025,3120,3330,520,43297
70,Pizza Place,None,1,85,9.2,2.648753259452412,South Riverdale,27876,3136,3975,2445,15025,3120,3330,520,43297
70,Mediterranean Restaurant,Falafel Restaurant,2,53,9.1,2.648753259452412,South Riverdale,27876,3136,3975,2445,15025,3120,3330,520,43297
70,Diner,None,1,34,9.0,2.648753259452412,South Riverdale,27876,3136,3975,2445,15025,3120,3330,520,43297
70,Middle Eastern Restaurant,None,2,99,8.4,2.648753259452412,South Riverdale,27876,3136,3975,2445,15025,3120,3330,520,43297
71,Italian Restaurant,Pizza Place,2,30,8.2,2.813211009174312,Cabbagetown-South St. James Town,11669,8335,800,1035,5855,1715,2250,305,49123
71,Japanese Restaurant,None,2,113,8.6,2.813211009174312,Cabbagetown-South St. James Town,11669,8335,800,1035,5855,1715,2250,305,49123
71,Diner,None,1,24,8.5,2.813211009174312,Cabbagetown-South St. James Town,11669,8335,800,1035,5855,1715,2250,305,49123
71,Café,None,1,15,8.2,2.813211009174312,Cabbagetown-South St. James Town,11669,8335,800,1035,5855,1715,2250,305,49123
71,Restaurant,None,2,16,8.2,2.813211009174312,Cabbagetown-South St. James Town,11669,8335,800,1035,5855,1715,2250,305,49123
73,Thai Restaurant,None,2,74,8.4,3.1859360365640312,Moss Park,20506,14753,1540,2060,12530,2495,1900,140,45877
73,Breakfast Spot,None,1,55,7.9,3.1859360365640312,Moss Park,20506,14753,1540,2060,12530,2495,1900,140,45877
73,German Restaurant,None,2,16,8.2,3.1859360365640312,Moss Park,20506,14753,1540,2060,12530,2495,1900,140,45877
73,Italian Restaurant,None,2,57,8.4,3.1859360365640312,Moss Park,20506,14753,1540,2060,12530,2495,1900,140,45877
73,Sandwich Place,None,1,5,7.9,3.1859360365640312,Moss Park,20506,14753,1540,2060,12530,2495,1900,140,45877
75,Japanese Restaurant,Bar,2,387,8.6,4.657306763285026,Church-Yonge Corridor,31340,23044,1260,5060,18780,3235,3010,250,43039
75,Ramen Restaurant,Japanese Restaurant,0,60,8.3,4.657306763285026,Church-Yonge Corridor,31340,23044,1260,5060,18780,3235,3010,250,43039
75,Sandwich Place,Vietnamese Restaurant,1,312,9.0,4.657306763285026,Church-Yonge Corridor,31340,23044,1260,5060,18780,3235,3010,250,43039
75,Café,None,1,8,7.6,4.657306763285026,Church-Yonge Corridor,31340,23044,1260,5060,18780,3235,3010,250,43039
75,Japanese Restaurant,None,2,14,7.2,4.657306763285026,Church-Yonge Corridor,31340,23044,1260,5060,18780,3235,3010,250,43039
76,Gastropub,Pub,2,233,8.5,3.35847517176063,Bay Street Corridor,25797,14097,1695,6860,13065,1760,2420,330,43427
76,Modern European Restaurant,Mediterranean Restaurant,0,28,8.2,3.35847517176063,Bay Street Corridor,25797,14097,1695,6860,13065,1760,2420,330,43427
76,Middle Eastern Restaurant,None,2,6,8.0,3.35847517176063,Bay Street Corridor,25797,14097,1695,6860,13065,1760,2420,330,43427
76,Seafood Restaurant,None,2,135,8.1,3.35847517176063,Bay Street Corridor,25797,14097,1695,6860,13065,1760,2420,330,43427
76,Sushi Restaurant,Japanese Restaurant,3,160,8.5,3.35847517176063,Bay Street Corridor,25797,14097,1695,6860,13065,1760,2420,330,43427
77,Chinese Restaurant,Dim Sum Restaurant,3,119,8.3,3.782658308925496,Waterfront Communities-The Island,65913,8943,3650,7840,45105,4680,4635,365,54292
77,Japanese Restaurant,Sushi Restaurant,2,142,8.9,3.782658308925496,Waterfront Communities-The Island,65913,8943,3650,7840,45105,4680,4635,365,54292
77,Café,Coffee Shop,1,105,8.3,3.782658308925496,Waterfront Communities-The Island,65913,8943,3650,7840,45105,4680,4635,365,54292
77,Fried Chicken Joint,None,1,16,8.1,3.782658308925496,Waterfront Communities-The Island,65913,8943,3650,7840,45105,4680,4635,365,54292
77,Pizza Place,None,1,8,7.9,3.782658308925496,Waterfront Communities-The Island,65913,8943,3650,7840,45105,4680,4635,365,54292
78,Vietnamese Restaurant,Asian Restaurant,1,43,8.6,5.469586552979838,Kensington-Chinatown,17945,11806,1315,3350,8760,1795,2705,480,31282
78,Noodle House,None,1,17,8.3,5.469586552979838,Kensington-Chinatown,17945,11806,1315,3350,8760,1795,2705,480,31282
78,Café,Coffee Shop,1,150,8.7,5.469586552979838,Kensington-Chinatown,17945,11806,1315,3350,8760,1795,2705,480,31282
78,Café,None,1,147,8.8,5.469586552979838,Kensington-Chinatown,17945,11806,1315,3350,8760,1795,2705,480,31282
78,Mexican Restaurant,None,1,300,9.0,5.469586552979838,Kensington-Chinatown,17945,11806,1315,3350,8760,1795,2705,480,31282
79,Japanese Restaurant,None,2,46,8.8,3.2532956403215296,University,7607,5395,565,1485,3590,650,1320,305,40931
79,Restaurant,None,2,80,9.1,3.2532956403215296,University,7607,5395,565,1485,3590,650,1320,305,40931
79,Italian Restaurant,None,2,59,8.1,3.2532956403215296,University,7607,5395,565,1485,3590,650,1320,305,40931
79,Bakery,Café,1,23,8.0,3.2532956403215296,University,7607,5395,565,1485,3590,650,1320,305,40931
79,Sushi Restaurant,None,2,24,8.4,3.2532956403215296,University,7607,5395,565,1485,3590,650,1320,305,40931
80,Italian Restaurant,None,2,20,8.2,1.478743068391867,Palmerston-Little Italy,13826,9601,1280,1465,7845,1260,1960,290,46199
80,Vegetarian / Vegan Restaurant,None,2,23,8.6,1.478743068391867,Palmerston-Little Italy,13826,9601,1280,1465,7845,1260,1960,290,46199
80,Café,None,1,49,8.5,1.478743068391867,Palmerston-Little Italy,13826,9601,1280,1465,7845,1260,1960,290,46199
80,Japanese Restaurant,None,2,18,7.4,1.478743068391867,Palmerston-Little Italy,13826,9601,1280,1465,7845,1260,1960,290,46199
80,Burger Joint,New American Restaurant,1,6,7.7,1.478743068391867,Palmerston-Little Italy,13826,9601,1280,1465,7845,1260,1960,290,46199
81,Restaurant,None,2,68,8.0,3.859012940114354,Trinity-Bellwoods,16556,9570,1745,1630,9210,1625,2350,330,40658
81,Sandwich Place,Diner,1,59,8.8,3.859012940114354,Trinity-Bellwoods,16556,9570,1745,1630,9210,1625,2350,330,40658
81,Pizza Place,Italian Restaurant,3,339,9.1,3.859012940114354,Trinity-Bellwoods,16556,9570,1745,1630,9210,1625,2350,330,40658
81,Breakfast Spot,None,1,89,7.7,3.859012940114354,Trinity-Bellwoods,16556,9570,1745,1630,9210,1625,2350,330,40658
81,Asian Restaurant,Tapas Restaurant,2,71,8.9,3.859012940114354,Trinity-Bellwoods,16556,9570,1745,1630,9210,1625,2350,330,40658
82,Poke Place,None,0,14,8.4,5.723466702256689,Niagara,31180,10156,2055,2415,23320,1885,1510,95,54803
82,New American Restaurant,Restaurant,3,120,7.9,5.723466702256689,Niagara,31180,10156,2055,2415,23320,1885,1510,95,54803
82,Bakery,Café,1,171,9.0,5.723466702256689,Niagara,31180,10156,2055,2415,23320,1885,1510,95,54803
82,Burger Joint,Bar,2,41,8.2,5.723466702256689,Niagara,31180,10156,2055,2415,23320,1885,1510,95,54803
82,Café,None,2,52,7.5,5.723466702256689,Niagara,31180,10156,2055,2415,23320,1885,1510,95,54803
83,Vietnamese Restaurant,None,2,62,8.5,1.541640625,Dufferin Grove,11785,8540,1285,1065,6680,1235,1515,175,34403
83,Middle Eastern Restaurant,None,2,59,8.8,1.541640625,Dufferin Grove,11785,8540,1285,1065,6680,1235,1515,175,34403
83,Bakery,Coffee Shop,1,23,8.4,1.541640625,Dufferin Grove,11785,8540,1285,1065,6680,1235,1515,175,34403
83,Sandwich Place,None,1,45,8.2,1.541640625,Dufferin Grove,11785,8540,1285,1065,6680,1235,1515,175,34403
83,Restaurant,Thai Restaurant,2,3,6.5,1.541640625,Dufferin Grove,11785,8540,1285,1065,6680,1235,1515,175,34403
84,Restaurant,None,2,45,8.5,2.727647416252017,Little Portugal,15559,12859,1400,1605,9385,1325,1855,255,37924
84,Thai Restaurant,None,2,52,8.4,2.727647416252017,Little Portugal,15559,12859,1400,1605,9385,1325,1855,255,37924
84,Café,None,1,34,8.0,2.727647416252017,Little Portugal,15559,12859,1400,1605,9385,1325,1855,255,37924
84,Café,Bike Shop,1,12,8.4,2.727647416252017,Little Portugal,15559,12859,1400,1605,9385,1325,1855,255,37924
84,Japanese Restaurant,None,2,48,9.0,2.727647416252017,Little Portugal,15559,12859,1400,1605,9385,1325,1855,255,37924
85,American Restaurant,Burger Joint,2,36,8.5,2.56269592476489,South Parkdale,21849,9583,2115,2275,12440,2475,2540,360,30293
85,Restaurant,None,2,26,8.8,2.56269592476489,South Parkdale,21849,9583,2115,2275,12440,2475,2540,360,30293
85,Donut Shop,Bakery,1,118,8.4,2.56269592476489,South Parkdale,21849,9583,2115,2275,12440,2475,2540,360,30293
85,Bakery,None,1,9,8.3,2.56269592476489,South Parkdale,21849,9583,2115,2275,12440,2475,2540,360,30293
85,Asian Restaurant,None,2,6,8.1,2.56269592476489,South Parkdale,21849,9583,2115,2275,12440,2475,2540,360,30293
86,Café,None,1,88,8.3,3.117619247741122,Roncesvalles,14974,9851,2300,1305,7990,1690,1680,185,40926
87,Deli / Bodega,Cheese Shop,3,111,9.0,2.2548817381738173,High Park-Swansea,23925,4893,3540,2125,11570,2870,3800,755,54872
87,Bakery,None,1,10,7.5,2.2548817381738173,High Park-Swansea,23925,4893,3540,2125,11570,2870,3800,755,54872
87,Café,Diner,1,46,6.0,2.2548817381738173,High Park-Swansea,23925,4893,3540,2125,11570,2870,3800,755,54872
87,Pizza Place,Restaurant,1,2,6.4,2.2548817381738173,High Park-Swansea,23925,4893,3540,2125,11570,2870,3800,755,54872
87,Mexican Restaurant,None,1,7,6.3,2.2548817381738173,High Park-Swansea,23925,4893,3540,2125,11570,2870,3800,755,54872
89,Pizza Place,None,1,38,8.1,4.8,Runnymede-Bloor West Village,10070,6333,2050,960,4605,1215,1245,195,55942
89,Taco Place,Gourmet Shop,1,40,7.5,4.8,Runnymede-Bloor West Village,10070,6333,2050,960,4605,1215,1245,195,55942
89,Bakery,None,1,6,7.4,4.8,Runnymede-Bloor West Village,10070,6333,2050,960,4605,1215,1245,195,55942
89,Italian Restaurant,Spanish Restaurant,2,11,8.5,4.8,Runnymede-Bloor West Village,10070,6333,2050,960,4605,1215,1245,195,55942
89,Diner,None,1,10,7.8,4.8,Runnymede-Bloor West Village,10070,6333,2050,960,4605,1215,1245,195,55942
90,Indian Restaurant,None,2,20,8.3,2.3993016925363366,Junction Area,14366,5442,2190,1465,7470,1750,1500,175,40679
90,Bakery,None,1,29,8.1,2.3993016925363366,Junction Area,14366,5442,2190,1465,7470,1750,1500,175,40679
90,Deli / Bodega,None,1,9,8.0,2.3993016925363366,Junction Area,14366,5442,2190,1465,7470,1750,1500,175,40679
90,Italian Restaurant,None,2,36,8.9,2.3993016925363366,Junction Area,14366,5442,2190,1465,7470,1750,1500,175,40679
90,Gastropub,Brewery,2,198,9.1,2.3993016925363366,Junction Area,14366,5442,2190,1465,7470,1750,1500,175,40679
91,Brazilian Restaurant,None,3,35,8.2,0.7049932320649721,Weston-Pelham Park,11098,7601,1675,1415,5275,1415,1325,150,29334
91,Vietnamese Restaurant,None,2,7,7.5,0.7049932320649721,Weston-Pelham Park,11098,7601,1675,1415,5275,1415,1325,150,29334
91,Vietnamese Restaurant,None,2,10,6.8,0.7049932320649721,Weston-Pelham Park,11098,7601,1675,1415,5275,1415,1325,150,29334
93,Café,None,1,6,8.5,3.017414186475395,Dovercourt-Wallace Emerson-Junction,36625,9819,4480,3925,19790,3935,4515,595,33777
93,Middle Eastern Restaurant,None,2,23,8.3,3.017414186475395,Dovercourt-Wallace Emerson-Junction,36625,9819,4480,3925,19790,3935,4515,595,33777
93,Bakery,None,1,4,7.3,3.017414186475395,Dovercourt-Wallace Emerson-Junction,36625,9819,4480,3925,19790,3935,4515,595,33777
93,Italian Restaurant,None,2,7,8.0,3.017414186475395,Dovercourt-Wallace Emerson-Junction,36625,9819,4480,3925,19790,3935,4515,595,33777
93,Bakery,None,1,11,8.1,3.017414186475395,Dovercourt-Wallace Emerson-Junction,36625,9819,4480,3925,19790,3935,4515,595,33777
94,Indian Restaurant,None,3,41,9.3,0.0008333333333333334,Wychwood,14349,8541,1860,1320,6420,1595,3150,880,43054
94,BBQ Joint,None,2,225,8.4,0.0008333333333333334,Wychwood,14349,8541,1860,1320,6420,1595,3150,880,43054
94,Café,Coffee Shop,1,40,8.1,0.0008333333333333334,Wychwood,14349,8541,1860,1320,6420,1595,3150,880,43054
94,Italian Restaurant,Bar,2,37,8.0,0.0008333333333333334,Wychwood,14349,8541,1860,1320,6420,1595,3150,880,43054
94,Café,None,1,24,8.0,0.0008333333333333334,Wychwood,14349,8541,1860,1320,6420,1595,3150,880,43054
95,Café,Coffee Shop,2,73,8.4,9.4303769236488,Annex,30526,10863,2360,3750,15040,3480,5910,1040,80138
95,Indian Restaurant,None,2,40,8.5,9.4303769236488,Annex,30526,10863,2360,3750,15040,3480,5910,1040,80138
95,Vegetarian / Vegan Restaurant,None,2,293,8.6,9.4303769236488,Annex,30526,10863,2360,3750,15040,3480,5910,1040,80138
95,Mexican Restaurant,None,2,145,8.4,9.4303769236488,Annex,30526,10863,2360,3750,15040,3480,5910,1040,80138
95,BBQ Joint,American Restaurant,3,76,7.9,9.4303769236488,Annex,30526,10863,2360,3750,15040,3480,5910,1040,80138
98,Italian Restaurant,None,3,168,8.6,6.0192251674919905,Rosedale-Moore Park,20923,4500,2625,2185,7925,3030,5140,750,134865
98,Vegetarian / Vegan Restaurant,Café,2,6,7.8,6.0192251674919905,Rosedale-Moore Park,20923,4500,2625,2185,7925,3030,5140,750,134865
98,Italian Restaurant,Bar,2,46,7.7,6.0192251674919905,Rosedale-Moore Park,20923,4500,2625,2185,7925,3030,5140,750,134865
98,Italian Restaurant,None,3,9,7.7,6.0192251674919905,Rosedale-Moore Park,20923,4500,2625,2185,7925,3030,5140,750,134865
98,Café,None,1,5,7.6,6.0192251674919905,Rosedale-Moore Park,20923,4500,2625,2185,7925,3030,5140,750,134865
99,Café,French Restaurant,1,50,8.4,3.7477581718252826,Mount Pleasant East,16775,5411,2980,1705,7620,2020,2455,260,63862
99,Seafood Restaurant,None,3,7,7.6,3.7477581718252826,Mount Pleasant East,16775,5411,2980,1705,7620,2020,2455,260,63862
99,Italian Restaurant,None,2,10,7.5,3.7477581718252826,Mount Pleasant East,16775,5411,2980,1705,7620,2020,2455,260,63862
99,Sushi Restaurant,None,2,11,7.3,3.7477581718252826,Mount Pleasant East,16775,5411,2980,1705,7620,2020,2455,260,63862
99,Italian Restaurant,None,3,7,7.2,3.7477581718252826,Mount Pleasant East,16775,5411,2980,1705,7620,2020,2455,260,63862
100,Burger Joint,American Restaurant,2,56,7.2,6.2652777777777775,Yonge-Eglinton,11817,7162,1800,1225,5860,1325,1600,165,65356
100,Japanese Restaurant,None,2,29,7.3,6.2652777777777775,Yonge-Eglinton,11817,7162,1800,1225,5860,1325,1600,165,65356
100,Breakfast Spot,None,2,57,7.1,6.2652777777777775,Yonge-Eglinton,11817,7162,1800,1225,5860,1325,1600,165,65356
100,Restaurant,None,3,108,7.7,6.2652777777777775,Yonge-Eglinton,11817,7162,1800,1225,5860,1325,1600,165,65356
100,Persian Restaurant,None,0,30,7.1,6.2652777777777775,Yonge-Eglinton,11817,7162,1800,1225,5860,1325,1600,165,65356
102,Bagel Shop,Bakery,1,5,7.7,2.2771123340887014,Forest Hill North,12806,8054,2060,1500,5390,1725,2135,350,62714
102,Pizza Place,None,1,0,6.1,2.2771123340887014,Forest Hill North,12806,8054,2060,1500,5390,1725,2135,350,62714
103,Café,None,1,27,8.6,2.969684798408691,Lawrence Park South,15179,4685,2845,2095,5870,2115,2235,315,111586
103,Chinese Restaurant,None,2,8,7.6,2.969684798408691,Lawrence Park South,15179,4685,2845,2095,5870,2115,2235,315,111586
103,Pizza Place,None,1,8,7.8,2.969684798408691,Lawrence Park South,15179,4685,2845,2095,5870,2115,2235,315,111586
103,Restaurant,Sushi Restaurant,3,9,7.4,2.969684798408691,Lawrence Park South,15179,4685,2845,2095,5870,2115,2235,315,111586
103,Mexican Restaurant,None,1,6,7.3,2.969684798408691,Lawrence Park South,15179,4685,2845,2095,5870,2115,2235,315,111586
104,Italian Restaurant,Café,2,10,8.0,2.9621661836999857,Mount Pleasant West,29658,21969,2380,2520,17100,3030,4605,940,45441
104,Vegetarian / Vegan Restaurant,None,2,101,7.8,2.9621661836999857,Mount Pleasant West,29658,21969,2380,2520,17100,3030,4605,940,45441
104,Pizza Place,None,1,26,7.6,2.9621661836999857,Mount Pleasant West,29658,21969,2380,2520,17100,3030,4605,940,45441
104,Taco Place,None,1,40,7.5,2.9621661836999857,Mount Pleasant West,29658,21969,2380,2520,17100,3030,4605,940,45441
104,Syrian Restaurant,None,0,10,7.2,2.9621661836999857,Mount Pleasant West,29658,21969,2380,2520,17100,3030,4605,940,45441
105,Bakery,None,1,29,8.3,2.949478429157644,Lawrence Park North,14607,6407,3280,1670,5980,1725,1935,265,79100
105,BBQ Joint,None,2,74,8.0,2.949478429157644,Lawrence Park North,14607,6407,3280,1670,5980,1725,1935,265,79100
105,Japanese Restaurant,Sushi Restaurant,2,26,8.1,2.949478429157644,Lawrence Park North,14607,6407,3280,1670,5980,1725,1935,265,79100
105,Burger Joint,Wine Bar,2,51,8.0,2.949478429157644,Lawrence Park North,14607,6407,3280,1670,5980,1725,1935,265,79100
105,Sandwich Place,Restaurant,1,30,8.6,2.949478429157644,Lawrence Park North,14607,6407,3280,1670,5980,1725,1935,265,79100
108,Sandwich Place,None,1,58,7.3,1.9410658307210031,Briar Hill-Belgravia,14257,7791,1855,1655,6740,1925,2100,310,30341
108,Argentinian Restaurant,None,2,5,6.0,1.9410658307210031,Briar Hill-Belgravia,14257,7791,1855,1655,6740,1925,2100,310,30341
108,Pizza Place,Restaurant,1,0,6.3,1.9410658307210031,Briar Hill-Belgravia,14257,7791,1855,1655,6740,1925,2100,310,30341
110,Café,Bakery,1,8,7.4,1.425,Keelesdale-Eglinton West,11058,6467,1610,1430,4790,1435,1785,230,29133
110,Bakery,None,1,7,7.2,1.425,Keelesdale-Eglinton West,11058,6467,1610,1430,4790,1435,1785,230,29133
110,Bakery,None,1,5,6.9,1.425,Keelesdale-Eglinton West,11058,6467,1610,1430,4790,1435,1785,230,29133
110,BBQ Joint,None,2,15,7.1,1.425,Keelesdale-Eglinton West,11058,6467,1610,1430,4790,1435,1785,230,29133
110,Fast Food Restaurant,Burger Joint,1,0,6.4,1.425,Keelesdale-Eglinton West,11058,6467,1610,1430,4790,1435,1785,230,29133
111,Restaurant,None,2,9,8.2,2.9166666666666665,Rockcliffe-Smythe,22246,4414,3505,2740,9255,3090,3655,480,29764
111,Bakery,None,1,14,7.8,2.9166666666666665,Rockcliffe-Smythe,22246,4414,3505,2740,9255,3090,3655,480,29764
111,Pizza Place,None,1,3,6.5,2.9166666666666665,Rockcliffe-Smythe,22246,4414,3505,2740,9255,3090,3655,480,29764
111,Fried Chicken Joint,Cajun / Creole Restaurant,1,3,6.5,2.9166666666666665,Rockcliffe-Smythe,22246,4414,3505,2740,9255,3090,3655,480,29764
111,Indian Restaurant,None,2,5,6.2,2.9166666666666665,Rockcliffe-Smythe,22246,4414,3505,2740,9255,3090,3655,480,29764
113,Diner,None,1,8,7.7,2.43700129894229,Weston,17992,7197,3100,2225,7785,2430,2445,395,28965
113,Pizza Place,None,1,3,6.5,2.43700129894229,Weston,17992,7197,3100,2225,7785,2430,2445,395,28965
113,Fried Chicken Joint,None,1,4,6.3,2.43700129894229,Weston,17992,7197,3100,2225,7785,2430,2445,395,28965
113,Sandwich Place,Fast Food Restaurant,1,2,6.3,2.43700129894229,Weston,17992,7197,3100,2225,7785,2430,2445,395,28965
115,Fast Food Restaurant,South American Restaurant,1,1,5.8,1.8666666666666667,Mount Dennis,13593,6442,2395,1815,5930,1760,1685,265,27461
118,Chinese Restaurant,Seafood Restaurant,1,22,7.8,3.996763754045308,Tam O'Shanter-Sullivan,27446,5073,3885,3225,10675,3510,6160,1220,29756
118,Italian Restaurant,None,2,46,7.8,3.996763754045308,Tam O'Shanter-Sullivan,27446,5073,3885,3225,10675,3510,6160,1220,29756
118,Thai Restaurant,None,2,15,6.9,3.996763754045308,Tam O'Shanter-Sullivan,27446,5073,3885,3225,10675,3510,6160,1220,29756
118,Noodle House,None,1,7,7.2,3.996763754045308,Tam O'Shanter-Sullivan,27446,5073,3885,3225,10675,3510,6160,1220,29756
118,Seafood Restaurant,None,3,62,7.1,3.996763754045308,Tam O'Shanter-Sullivan,27446,5073,3885,3225,10675,3510,6160,1220,29756
120,Restaurant,None,2,6,8.0,2.9216467463479416,Clairlea-Birchmount,26984,3632,4565,3495,11940,3360,3630,660,31369
120,Vegetarian / Vegan Restaurant,None,2,6,7.6,2.9216467463479416,Clairlea-Birchmount,26984,3632,4565,3495,11940,3360,3630,660,31369
120,Burger Joint,None,1,12,7.4,2.9216467463479416,Clairlea-Birchmount,26984,3632,4565,3495,11940,3360,3630,660,31369
120,Mexican Restaurant,None,1,7,7.0,2.9216467463479416,Clairlea-Birchmount,26984,3632,4565,3495,11940,3360,3630,660,31369
120,Burrito Place,None,1,23,7.0,2.9216467463479416,Clairlea-Birchmount,26984,3632,4565,3495,11940,3360,3630,660,31369
122,Café,None,1,10,8.3,1.7063650920736588,Birchcliffe-Cliffside,22291,3765,3345,2440,9075,3520,3910,630,43027
122,Thai Restaurant,None,2,21,8.2,1.7063650920736588,Birchcliffe-Cliffside,22291,3765,3345,2440,9075,3520,3910,630,43027
122,Diner,None,1,3,6.3,1.7063650920736588,Birchcliffe-Cliffside,22291,3765,3345,2440,9075,3520,3910,630,43027
122,Restaurant,None,2,11,6.1,1.7063650920736588,Birchcliffe-Cliffside,22291,3765,3345,2440,9075,3520,3910,630,43027
126,Indian Restaurant,None,2,9,7.1,1.9796063471457812,Dorset Park,25003,4146,4250,3155,10485,3330,3780,790,28052
126,Chinese Restaurant,None,2,14,7.1,1.9796063471457812,Dorset Park,25003,4146,4250,3155,10485,3330,3780,790,28052
126,Bakery,None,1,9,7.2,1.9796063471457812,Dorset Park,25003,4146,4250,3155,10485,3330,3780,790,28052
126,Vietnamese Restaurant,None,2,23,6.4,1.9796063471457812,Dorset Park,25003,4146,4250,3155,10485,3330,3780,790,28052
126,Indian Restaurant,None,2,27,6.6,1.9796063471457812,Dorset Park,25003,4146,4250,3155,10485,3330,3780,790,28052
127,Wings Joint,None,1,3,6.3,0.9915384615384616,Bendale,29960,4011,4550,4605,12050,3535,5250,900,28953
128,Caribbean Restaurant,None,2,35,8.7,1.3714165853854403,Agincourt South-Malvern West,23757,3034,3075,3360,9965,3265,4105,555,27928
128,Noodle House,Chinese Restaurant,1,19,7.5,1.3714165853854403,Agincourt South-Malvern West,23757,3034,3075,3360,9965,3265,4105,555,27928
128,Cantonese Restaurant,None,0,9,7.5,1.3714165853854403,Agincourt South-Malvern West,23757,3034,3075,3360,9965,3265,4105,555,27928
128,Asian Restaurant,Malay Restaurant,2,14,8.1,1.3714165853854403,Agincourt South-Malvern West,23757,3034,3075,3360,9965,3265,4105,555,27928
128,Caribbean Restaurant,None,1,29,8.7,1.3714165853854403,Agincourt South-Malvern West,23757,3034,3075,3360,9965,3265,4105,555,27928
129,Indian Restaurant,None,1,28,7.5,2.459090909090909,Agincourt North,29113,3929,3840,3705,11305,4230,6045,925,26955
129,Chinese Restaurant,Dim Sum Restaurant,1,13,7.4,2.459090909090909,Agincourt North,29113,3929,3840,3705,11305,4230,6045,925,26955
129,Chinese Restaurant,None,1,35,6.3,2.459090909090909,Agincourt North,29113,3929,3840,3705,11305,4230,6045,925,26955
129,Sandwich Place,Fast Food Restaurant,1,1,6.3,2.459090909090909,Agincourt North,29113,3929,3840,3705,11305,4230,6045,925,26955
129,Fried Chicken Joint,None,1,6,6.1,2.459090909090909,Agincourt North,29113,3929,3840,3705,11305,4230,6045,925,26955
130,Caribbean Restaurant,Bakery,2,14,8.6,4.2466193455730785,Milliken,26572,2830,3675,3195,10565,4030,5115,880,25109
130,Chinese Restaurant,None,1,12,6.9,4.2466193455730785,Milliken,26572,2830,3675,3195,10565,4030,5115,880,25109
130,Indian Restaurant,None,1,28,7.5,4.2466193455730785,Milliken,26572,2830,3675,3195,10565,4030,5115,880,25109
130,Pizza Place,None,1,7,7.0,4.2466193455730785,Milliken,26572,2830,3675,3195,10565,4030,5115,880,25109
130,Sandwich Place,Fast Food Restaurant,1,1,6.3,4.2466193455730785,Milliken,26572,2830,3675,3195,10565,4030,5115,880,25109
131,Pizza Place,None,1,3,6.5,3.8927335640138407,Rouge,46496,1260,7960,6700,18510,6690,6625,685,33736
131,Restaurant,None,2,11,6.8,3.8927335640138407,Rouge,46496,1260,7960,6700,18510,6690,6625,685,33736
131,Fast Food Restaurant,None,1,1,6.2,3.8927335640138407,Rouge,46496,1260,7960,6700,18510,6690,6625,685,33736
133,Fast Food Restaurant,Fried Chicken Joint,1,5,6.8,4.0,Centennial Scarborough,13362,2479,2150,1850,5030,1955,2385,160,43854
133,Sandwich Place,Fast Food Restaurant,1,0,6.0,4.0,Centennial Scarborough,13362,2479,2150,1850,5030,1955,2385,160,43854
133,Pizza Place,None,1,2,6.0,4.0,Centennial Scarborough,13362,2479,2150,1850,5030,1955,2385,160,43854
137,Burger Joint,None,1,32,8.5,2.5517061734826783,Woburn,53485,4345,9625,7660,21945,6245,8010,1130,27341
137,Xinjiang Restaurant,Chinese Restaurant,0,17,8.3,2.5517061734826783,Woburn,53485,4345,9625,7660,21945,6245,8010,1130,27341
137,Indian Restaurant,Vegetarian / Vegan Restaurant,2,7,6.9,2.5517061734826783,Woburn,53485,4345,9625,7660,21945,6245,8010,1130,27341
137,Indian Restaurant,Sri Lankan Restaurant,2,22,8.2,2.5517061734826783,Woburn,53485,4345,9625,7660,21945,6245,8010,1130,27341
137,Caribbean Restaurant,None,2,19,7.5,2.5517061734826783,Woburn,53485,4345,9625,7660,21945,6245,8010,1130,27341
138,Pizza Place,None,1,4,7.4,0.9816176470588236,Eglinton East,22776,7051,4180,3130,9180,2825,3505,560,26865
138,Fast Food Restaurant,American Restaurant,1,0,6.3,0.9816176470588236,Eglinton East,22776,7051,4180,3130,9180,2825,3505,560,26865
138,Sandwich Place,Fast Food Restaurant,1,0,6.2,0.9816176470588236,Eglinton East,22776,7051,4180,3130,9180,2825,3505,560,26865
138,Sandwich Place,Fast Food Restaurant,1,0,6.3,0.9816176470588236,Eglinton East,22776,7051,4180,3130,9180,2825,3505,560,26865
139,Fried Chicken Joint,Fast Food Restaurant,1,6,6.7,2.0633082253998385,Scarborough Village,16724,5395,3365,2360,6685,2095,2225,430,28634
139,Pizza Place,None,1,4,6.1,2.0633082253998385,Scarborough Village,16724,5395,3365,2360,6685,2095,2225,430,28634
139,Fast Food Restaurant,None,1,1,6.0,2.0633082253998385,Scarborough Village,16724,5395,3365,2360,6685,2095,2225,430,28634
140,Sandwich Place,Fast Food Restaurant,1,0,6.3,1.5530629853321833,Guildwood,9917,2673,1295,1065,3370,1555,2635,540,43848
